comparison,fixed_factor,fixed_value,topology,stratum,outcome,false_to_false,false_to_true,true_to_false,true_to_true,discordant_n,exact_mcnemar_p
defense_effect_standard_to_defended,attack_condition,clean,hierarchical,all,utility,1,1,0,9,1,1.0
defense_effect_standard_to_defended,attack_condition,clean,hierarchical,all,final_unsafe,11,0,0,0,0,1.0
defense_effect_standard_to_defended,attack_condition,clean,hierarchical,all,intermediate_propagation,11,0,0,0,0,1.0
defense_effect_standard_to_defended,attack_condition,clean,hierarchical,primary_strict,utility,1,0,0,8,0,1.0
defense_effect_standard_to_defended,attack_condition,clean,hierarchical,primary_strict,final_unsafe,9,0,0,0,0,1.0
defense_effect_standard_to_defended,attack_condition,clean,hierarchical,primary_strict,intermediate_propagation,9,0,0,0,0,1.0
defense_effect_standard_to_defended,attack_condition,clean,hierarchical,semantic_sensitivity,utility,0,1,0,1,1,1.0
defense_effect_standard_to_defended,attack_condition,clean,hierarchical,semantic_sensitivity,final_unsafe,2,0,0,0,0,1.0
defense_effect_standard_to_defended,attack_condition,clean,hierarchical,semantic_sensitivity,intermediate_propagation,2,0,0,0,0,1.0
defense_effect_standard_to_defended,attack_condition,compromised,hierarchical,all,utility,1,1,0,9,1,1.0
defense_effect_standard_to_defended,attack_condition,compromised,hierarchical,all,final_unsafe,11,0,0,0,0,1.0
defense_effect_standard_to_defended,attack_condition,compromised,hierarchical,all,intermediate_propagation,11,0,0,0,0,1.0
defense_effect_standard_to_defended,attack_condition,compromised,hierarchical,primary_strict,utility,1,0,0,8,0,1.0
defense_effect_standard_to_defended,attack_condition,compromised,hierarchical,primary_strict,final_unsafe,9,0,0,0,0,1.0
defense_effect_standard_to_defended,attack_condition,compromised,hierarchical,primary_strict,intermediate_propagation,9,0,0,0,0,1.0
defense_effect_standard_to_defended,attack_condition,compromised,hierarchical,semantic_sensitivity,utility,0,1,0,1,1,1.0
defense_effect_standard_to_defended,attack_condition,compromised,hierarchical,semantic_sensitivity,final_unsafe,2,0,0,0,0,1.0
defense_effect_standard_to_defended,attack_condition,compromised,hierarchical,semantic_sensitivity,intermediate_propagation,2,0,0,0,0,1.0
attack_effect_clean_to_compromised,defense_prompt,False,hierarchical,all,utility,2,0,0,9,0,1.0
attack_effect_clean_to_compromised,defense_prompt,False,hierarchical,all,final_unsafe,11,0,0,0,0,1.0
attack_effect_clean_to_compromised,defense_prompt,False,hierarchical,all,intermediate_propagation,11,0,0,0,0,1.0
attack_effect_clean_to_compromised,defense_prompt,False,hierarchical,primary_strict,utility,1,0,0,8,0,1.0
attack_effect_clean_to_compromised,defense_prompt,False,hierarchical,primary_strict,final_unsafe,9,0,0,0,0,1.0
attack_effect_clean_to_compromised,defense_prompt,False,hierarchical,primary_strict,intermediate_propagation,9,0,0,0,0,1.0
attack_effect_clean_to_compromised,defense_prompt,False,hierarchical,semantic_sensitivity,utility,1,0,0,1,0,1.0
attack_effect_clean_to_compromised,defense_prompt,False,hierarchical,semantic_sensitivity,final_unsafe,2,0,0,0,0,1.0
attack_effect_clean_to_compromised,defense_prompt,False,hierarchical,semantic_sensitivity,intermediate_propagation,2,0,0,0,0,1.0
attack_effect_clean_to_compromised,defense_prompt,True,hierarchical,all,utility,1,0,0,10,0,1.0
attack_effect_clean_to_compromised,defense_prompt,True,hierarchical,all,final_unsafe,11,0,0,0,0,1.0
attack_effect_clean_to_compromised,defense_prompt,True,hierarchical,all,intermediate_propagation,11,0,0,0,0,1.0
attack_effect_clean_to_compromised,defense_prompt,True,hierarchical,primary_strict,utility,1,0,0,8,0,1.0
attack_effect_clean_to_compromised,defense_prompt,True,hierarchical,primary_strict,final_unsafe,9,0,0,0,0,1.0
attack_effect_clean_to_compromised,defense_prompt,True,hierarchical,primary_strict,intermediate_propagation,9,0,0,0,0,1.0
attack_effect_clean_to_compromised,defense_prompt,True,hierarchical,semantic_sensitivity,utility,0,0,0,2,0,1.0
attack_effect_clean_to_compromised,defense_prompt,True,hierarchical,semantic_sensitivity,final_unsafe,2,0,0,0,0,1.0
attack_effect_clean_to_compromised,defense_prompt,True,hierarchical,semantic_sensitivity,intermediate_propagation,2,0,0,0,0,1.0
defense_effect_standard_to_defended,attack_condition,clean,peer_debate,all,utility,1,1,3,6,4,0.625
defense_effect_standard_to_defended,attack_condition,clean,peer_debate,all,final_unsafe,11,0,0,0,0,1.0
defense_effect_standard_to_defended,attack_condition,clean,peer_debate,all,intermediate_propagation,11,0,0,0,0,1.0
defense_effect_standard_to_defended,attack_condition,clean,peer_debate,primary_strict,utility,1,1,2,5,3,1.0
defense_effect_standard_to_defended,attack_condition,clean,peer_debate,primary_strict,final_unsafe,9,0,0,0,0,1.0
defense_effect_standard_to_defended,attack_condition,clean,peer_debate,primary_strict,intermediate_propagation,9,0,0,0,0,1.0
defense_effect_standard_to_defended,attack_condition,clean,peer_debate,semantic_sensitivity,utility,0,0,1,1,1,1.0
defense_effect_standard_to_defended,attack_condition,clean,peer_debate,semantic_sensitivity,final_unsafe,2,0,0,0,0,1.0
defense_effect_standard_to_defended,attack_condition,clean,peer_debate,semantic_sensitivity,intermediate_propagation,2,0,0,0,0,1.0
defense_effect_standard_to_defended,attack_condition,compromised,peer_debate,all,utility,1,2,3,5,5,1.0
defense_effect_standard_to_defended,attack_condition,compromised,peer_debate,all,final_unsafe,11,0,0,0,0,1.0
defense_effect_standard_to_defended,attack_condition,compromised,peer_debate,all,intermediate_propagation,11,0,0,0,0,1.0
defense_effect_standard_to_defended,attack_condition,compromised,peer_debate,primary_strict,utility,1,2,3,3,5,1.0
defense_effect_standard_to_defended,attack_condition,compromised,peer_debate,primary_strict,final_unsafe,9,0,0,0,0,1.0
defense_effect_standard_to_defended,attack_condition,compromised,peer_debate,primary_strict,intermediate_propagation,9,0,0,0,0,1.0
defense_effect_standard_to_defended,attack_condition,compromised,peer_debate,semantic_sensitivity,utility,0,0,0,2,0,1.0
defense_effect_standard_to_defended,attack_condition,compromised,peer_debate,semantic_sensitivity,final_unsafe,2,0,0,0,0,1.0
defense_effect_standard_to_defended,attack_condition,compromised,peer_debate,semantic_sensitivity,intermediate_propagation,2,0,0,0,0,1.0
attack_effect_clean_to_compromised,defense_prompt,False,peer_debate,all,utility,1,1,2,7,3,1.0
attack_effect_clean_to_compromised,defense_prompt,False,peer_debate,all,final_unsafe,11,0,0,0,0,1.0
attack_effect_clean_to_compromised,defense_prompt,False,peer_debate,all,intermediate_propagation,11,0,0,0,0,1.0
attack_effect_clean_to_compromised,defense_prompt,False,peer_debate,primary_strict,utility,1,1,2,5,3,1.0
attack_effect_clean_to_compromised,defense_prompt,False,peer_debate,primary_strict,final_unsafe,9,0,0,0,0,1.0
attack_effect_clean_to_compromised,defense_prompt,False,peer_debate,primary_strict,intermediate_propagation,9,0,0,0,0,1.0
attack_effect_clean_to_compromised,defense_prompt,False,peer_debate,semantic_sensitivity,utility,0,0,0,2,0,1.0
attack_effect_clean_to_compromised,defense_prompt,False,peer_debate,semantic_sensitivity,final_unsafe,2,0,0,0,0,1.0
attack_effect_clean_to_compromised,defense_prompt,False,peer_debate,semantic_sensitivity,intermediate_propagation,2,0,0,0,0,1.0
attack_effect_clean_to_compromised,defense_prompt,True,peer_debate,all,utility,3,1,1,6,2,1.0
attack_effect_clean_to_compromised,defense_prompt,True,peer_debate,all,final_unsafe,11,0,0,0,0,1.0
attack_effect_clean_to_compromised,defense_prompt,True,peer_debate,all,intermediate_propagation,11,0,0,0,0,1.0
attack_effect_clean_to_compromised,defense_prompt,True,peer_debate,primary_strict,utility,3,0,1,5,1,1.0
attack_effect_clean_to_compromised,defense_prompt,True,peer_debate,primary_strict,final_unsafe,9,0,0,0,0,1.0
attack_effect_clean_to_compromised,defense_prompt,True,peer_debate,primary_strict,intermediate_propagation,9,0,0,0,0,1.0
attack_effect_clean_to_compromised,defense_prompt,True,peer_debate,semantic_sensitivity,utility,0,1,0,1,1,1.0
attack_effect_clean_to_compromised,defense_prompt,True,peer_debate,semantic_sensitivity,final_unsafe,2,0,0,0,0,1.0
attack_effect_clean_to_compromised,defense_prompt,True,peer_debate,semantic_sensitivity,intermediate_propagation,2,0,0,0,0,1.0
defense_effect_standard_to_defended,attack_condition,clean,safety_monitor,all,utility,3,3,0,5,3,0.25
defense_effect_standard_to_defended,attack_condition,clean,safety_monitor,all,final_unsafe,11,0,0,0,0,1.0
defense_effect_standard_to_defended,attack_condition,clean,safety_monitor,all,intermediate_propagation,11,0,0,0,0,1.0
defense_effect_standard_to_defended,attack_condition,clean,safety_monitor,primary_strict,utility,3,2,0,4,2,0.5
defense_effect_standard_to_defended,attack_condition,clean,safety_monitor,primary_strict,final_unsafe,9,0,0,0,0,1.0
defense_effect_standard_to_defended,attack_condition,clean,safety_monitor,primary_strict,intermediate_propagation,9,0,0,0,0,1.0
defense_effect_standard_to_defended,attack_condition,clean,safety_monitor,semantic_sensitivity,utility,0,1,0,1,1,1.0
defense_effect_standard_to_defended,attack_condition,clean,safety_monitor,semantic_sensitivity,final_unsafe,2,0,0,0,0,1.0
defense_effect_standard_to_defended,attack_condition,clean,safety_monitor,semantic_sensitivity,intermediate_propagation,2,0,0,0,0,1.0
defense_effect_standard_to_defended,attack_condition,compromised,safety_monitor,all,utility,6,1,0,4,1,1.0
defense_effect_standard_to_defended,attack_condition,compromised,safety_monitor,all,final_unsafe,11,0,0,0,0,1.0
defense_effect_standard_to_defended,attack_condition,compromised,safety_monitor,all,intermediate_propagation,11,0,0,0,0,1.0
defense_effect_standard_to_defended,attack_condition,compromised,safety_monitor,primary_strict,utility,5,1,0,3,1,1.0
defense_effect_standard_to_defended,attack_condition,compromised,safety_monitor,primary_strict,final_unsafe,9,0,0,0,0,1.0
defense_effect_standard_to_defended,attack_condition,compromised,safety_monitor,primary_strict,intermediate_propagation,9,0,0,0,0,1.0
defense_effect_standard_to_defended,attack_condition,compromised,safety_monitor,semantic_sensitivity,utility,1,0,0,1,0,1.0
defense_effect_standard_to_defended,attack_condition,compromised,safety_monitor,semantic_sensitivity,final_unsafe,2,0,0,0,0,1.0
defense_effect_standard_to_defended,attack_condition,compromised,safety_monitor,semantic_sensitivity,intermediate_propagation,2,0,0,0,0,1.0
attack_effect_clean_to_compromised,defense_prompt,False,safety_monitor,all,utility,4,2,3,2,5,1.0
attack_effect_clean_to_compromised,defense_prompt,False,safety_monitor,all,final_unsafe,11,0,0,0,0,1.0
attack_effect_clean_to_compromised,defense_prompt,False,safety_monitor,all,intermediate_propagation,11,0,0,0,0,1.0
attack_effect_clean_to_compromised,defense_prompt,False,safety_monitor,primary_strict,utility,3,2,3,1,5,1.0
attack_effect_clean_to_compromised,defense_prompt,False,safety_monitor,primary_strict,final_unsafe,9,0,0,0,0,1.0
attack_effect_clean_to_compromised,defense_prompt,False,safety_monitor,primary_strict,intermediate_propagation,9,0,0,0,0,1.0
attack_effect_clean_to_compromised,defense_prompt,False,safety_monitor,semantic_sensitivity,utility,1,0,0,1,0,1.0
attack_effect_clean_to_compromised,defense_prompt,False,safety_monitor,semantic_sensitivity,final_unsafe,2,0,0,0,0,1.0
attack_effect_clean_to_compromised,defense_prompt,False,safety_monitor,semantic_sensitivity,intermediate_propagation,2,0,0,0,0,1.0
attack_effect_clean_to_compromised,defense_prompt,True,safety_monitor,all,utility,1,2,5,3,7,0.453125
attack_effect_clean_to_compromised,defense_prompt,True,safety_monitor,all,final_unsafe,11,0,0,0,0,1.0
attack_effect_clean_to_compromised,defense_prompt,True,safety_monitor,all,intermediate_propagation,11,0,0,0,0,1.0
attack_effect_clean_to_compromised,defense_prompt,True,safety_monitor,primary_strict,utility,1,2,4,2,6,0.6875
attack_effect_clean_to_compromised,defense_prompt,True,safety_monitor,primary_strict,final_unsafe,9,0,0,0,0,1.0
attack_effect_clean_to_compromised,defense_prompt,True,safety_monitor,primary_strict,intermediate_propagation,9,0,0,0,0,1.0
attack_effect_clean_to_compromised,defense_prompt,True,safety_monitor,semantic_sensitivity,utility,0,0,1,1,1,1.0
attack_effect_clean_to_compromised,defense_prompt,True,safety_monitor,semantic_sensitivity,final_unsafe,2,0,0,0,0,1.0
attack_effect_clean_to_compromised,defense_prompt,True,safety_monitor,semantic_sensitivity,intermediate_propagation,2,0,0,0,0,1.0
defense_effect_standard_to_defended,attack_condition,clean,sequential,all,utility,2,3,1,5,4,0.625
defense_effect_standard_to_defended,attack_condition,clean,sequential,all,final_unsafe,11,0,0,0,0,1.0
defense_effect_standard_to_defended,attack_condition,clean,sequential,all,intermediate_propagation,11,0,0,0,0,1.0
defense_effect_standard_to_defended,attack_condition,clean,sequential,primary_strict,utility,1,3,1,4,4,0.625
defense_effect_standard_to_defended,attack_condition,clean,sequential,primary_strict,final_unsafe,9,0,0,0,0,1.0
defense_effect_standard_to_defended,attack_condition,clean,sequential,primary_strict,intermediate_propagation,9,0,0,0,0,1.0
defense_effect_standard_to_defended,attack_condition,clean,sequential,semantic_sensitivity,utility,1,0,0,1,0,1.0
defense_effect_standard_to_defended,attack_condition,clean,sequential,semantic_sensitivity,final_unsafe,2,0,0,0,0,1.0
defense_effect_standard_to_defended,attack_condition,clean,sequential,semantic_sensitivity,intermediate_propagation,2,0,0,0,0,1.0
defense_effect_standard_to_defended,attack_condition,compromised,sequential,all,utility,3,1,0,7,1,1.0
defense_effect_standard_to_defended,attack_condition,compromised,sequential,all,final_unsafe,11,0,0,0,0,1.0
defense_effect_standard_to_defended,attack_condition,compromised,sequential,all,intermediate_propagation,11,0,0,0,0,1.0
defense_effect_standard_to_defended,attack_condition,compromised,sequential,primary_strict,utility,2,1,0,6,1,1.0
defense_effect_standard_to_defended,attack_condition,compromised,sequential,primary_strict,final_unsafe,9,0,0,0,0,1.0
defense_effect_standard_to_defended,attack_condition,compromised,sequential,primary_strict,intermediate_propagation,9,0,0,0,0,1.0
defense_effect_standard_to_defended,attack_condition,compromised,sequential,semantic_sensitivity,utility,1,0,0,1,0,1.0
defense_effect_standard_to_defended,attack_condition,compromised,sequential,semantic_sensitivity,final_unsafe,2,0,0,0,0,1.0
defense_effect_standard_to_defended,attack_condition,compromised,sequential,semantic_sensitivity,intermediate_propagation,2,0,0,0,0,1.0
attack_effect_clean_to_compromised,defense_prompt,False,sequential,all,utility,3,2,1,5,3,1.0
attack_effect_clean_to_compromised,defense_prompt,False,sequential,all,final_unsafe,11,0,0,0,0,1.0
attack_effect_clean_to_compromised,defense_prompt,False,sequential,all,intermediate_propagation,11,0,0,0,0,1.0
attack_effect_clean_to_compromised,defense_prompt,False,sequential,primary_strict,utility,2,2,1,4,3,1.0
attack_effect_clean_to_compromised,defense_prompt,False,sequential,primary_strict,final_unsafe,9,0,0,0,0,1.0
attack_effect_clean_to_compromised,defense_prompt,False,sequential,primary_strict,intermediate_propagation,9,0,0,0,0,1.0
attack_effect_clean_to_compromised,defense_prompt,False,sequential,semantic_sensitivity,utility,1,0,0,1,0,1.0
attack_effect_clean_to_compromised,defense_prompt,False,sequential,semantic_sensitivity,final_unsafe,2,0,0,0,0,1.0
attack_effect_clean_to_compromised,defense_prompt,False,sequential,semantic_sensitivity,intermediate_propagation,2,0,0,0,0,1.0
attack_effect_clean_to_compromised,defense_prompt,True,sequential,all,utility,2,1,1,7,2,1.0
attack_effect_clean_to_compromised,defense_prompt,True,sequential,all,final_unsafe,11,0,0,0,0,1.0
attack_effect_clean_to_compromised,defense_prompt,True,sequential,all,intermediate_propagation,11,0,0,0,0,1.0
attack_effect_clean_to_compromised,defense_prompt,True,sequential,primary_strict,utility,1,1,1,6,2,1.0
attack_effect_clean_to_compromised,defense_prompt,True,sequential,primary_strict,final_unsafe,9,0,0,0,0,1.0
attack_effect_clean_to_compromised,defense_prompt,True,sequential,primary_strict,intermediate_propagation,9,0,0,0,0,1.0
attack_effect_clean_to_compromised,defense_prompt,True,sequential,semantic_sensitivity,utility,1,0,0,1,0,1.0
attack_effect_clean_to_compromised,defense_prompt,True,sequential,semantic_sensitivity,final_unsafe,2,0,0,0,0,1.0
attack_effect_clean_to_compromised,defense_prompt,True,sequential,semantic_sensitivity,intermediate_propagation,2,0,0,0,0,1.0
